id,first_name,last_name,email,gender,date_of_birth
1,Merissa,Basilotta,mbasilotta0@nationalgeographic.com,Female,2000-09-14
2,Donna,Bibb,dbibb1@exblog.jp,Female,2000-02-11
3,Dacey,Ghost,dghost2@ox.ac.uk,Female,2000-09-06
4,Darbie,Ambrus,dambrus3@sogou.com,Female,2000-08-23
5,Mackenzie,Wardingly,mwardingly4@nhs.uk,Male,2000-08-12
6,Ashbey,Peter,apeter5@w3.org,Male,2000-02-08
7,Cornelius,Antonio,cantonio6@bluehost.com,Male,2000-04-18
8,Galven,James,gjames7@123-reg.co.uk,Male,2000-05-25
9,Avril,Brosetti,abrosetti8@sourceforge.net,Female,2000-04-08
10,Barth,Skirvin,bskirvin9@phoca.cz,Male,2000-11-05
11,Elizabet,Swindlehurst,eswindlehursta@mapy.cz,Female,2000-03-17
12,Bourke,Bell,bbellb@ameblo.jp,Male,2000-12-02
13,Jaye,Olijve,jolijvec@feedburner.com,Male,2000-12-08
14,Brittney,Fitzgerald,bfitzgeraldd@webeden.co.uk,Female,2000-04-15
15,Perl,Ferneley,pferneleye@nba.com,Female,2000-01-22
16,Moore,Brogioni,mbrogionif@psu.edu,Male,2000-10-23
17,Aubrette,Mars,amarsg@weather.com,Female,2000-10-15
18,Geneva,Littley,glittleyh@instagram.com,Female,2000-07-23
19,Cord,Pitt,cpitti@mtv.com,Male,2000-08-10
20,Grant,Killerby,gkillerbyj@home.pl,Male,2000-08-10
21,Julio,Pascall,jpascallk@networksolutions.com,Male,2000-01-31
22,Udall,Daingerfield,udaingerfieldl@prweb.com,Male,2000-08-25
23,Adara,Pilling,apillingm@tiny.cc,Female,2000-11-27
24,Kellina,Pettinger,kpettingern@deviantart.com,Female,2000-02-06
25,Patience,Tincey,ptinceyo@ucla.edu,Female,2000-05-03
26,Helli,Ganiford,hganifordp@csmonitor.com,Female,2000-09-14
27,Worthington,Sherwyn,wsherwynq@twitpic.com,Male,2000-04-23
28,Towney,Skoyles,tskoylesr@dedecms.com,Male,2000-11-06
29,Jolee,Kincey,jkinceys@51.la,Female,2000-03-31
30,Marijo,Waine,mwainet@howstuffworks.com,Female,2000-07-21
31,Mickie,Lowndes,mlowndesu@cargocollective.com,Female,2000-02-23
32,Frederic,Caveney,fcaveneyv@hatena.ne.jp,Male,2000-12-24
33,Sasha,Jimmison,sjimmisonw@cpanel.net,Female,2000-10-31
34,Hiram,Mouland,hmoulandx@examiner.com,Male,2000-09-16
35,Issi,Gianinotti,igianinottiy@harvard.edu,Female,2000-06-22
36,Kirstyn,Gillice,kgillicez@squarespace.com,Female,2000-02-29
37,Francklin,Haszard,fhaszard10@wiley.com,Male,2000-01-31
38,Raynor,Delnevo,rdelnevo11@state.tx.us,Male,2000-01-31
39,Cameron,Northfield,cnorthfield12@lulu.com,Male,2000-06-29
40,Briny,MacCawley,bmaccawley13@pen.io,Female,2000-03-09
41,Billi,Kelinge,bkelinge14@mit.edu,Female,2000-11-25
42,Dosi,Banat,dbanat15@irs.gov,Female,2000-04-07
43,Denyse,Patters,dpatters16@vkontakte.ru,Female,2000-08-16
44,Orelle,Halms,ohalms17@google.fr,Female,2000-01-30
45,Conroy,Janczewski,cjanczewski18@npr.org,Male,2000-10-24
46,Shane,Vidgeon,svidgeon19@meetup.com,Female,2000-03-19
47,Neale,Windle,nwindle1a@wordpress.com,Male,2000-12-02
48,Hermie,June,hjune1b@china.com.cn,Male,2000-10-07
49,Rorke,Trevallion,rtrevallion1c@uol.com.br,Male,2000-09-30
50,Ariella,Aysh,aaysh1d@ifeng.com,Female,2000-03-30
51,Verney,Dowry,vdowry1e@about.com,Male,2000-06-28
52,Darlene,Kabisch,dkabisch1f@forbes.com,Female,2000-09-20
53,Michale,Buddles,mbuddles1g@tripod.com,Male,2000-03-23
54,Hallie,Bygreaves,hbygreaves1h@gravatar.com,Female,2000-04-30
55,Hazel,Happs,hhapps1i@apache.org,Male,2000-02-20
56,Sherrie,Ternault,sternault1j@sbwire.com,Female,2000-07-14
57,Walden,Trimby,wtrimby1k@irs.gov,Male,2000-11-05
58,Klemens,Colbridge,kcolbridge1l@hc360.com,Male,2000-11-30
59,King,Riatt,kriatt1m@google.it,Male,2000-03-19
60,Ambrosio,Pitfield,apitfield1n@businesswire.com,Male,2000-02-05
61,Karilynn,Clausner,kclausner1o@chron.com,Female,2000-05-06
62,Devin,Desantis,ddesantis1p@upenn.edu,Female,2000-06-20
63,Blake,Hampson,bhampson1q@psu.edu,Male,2000-05-19
64,Andreas,Hawk,ahawk1r@goodreads.com,Male,2000-10-22
65,Roldan,Ghelardoni,rghelardoni1s@arstechnica.com,Male,2000-07-10
66,Madelyn,Georgeot,mgeorgeot1t@skype.com,Female,2000-07-12
67,Garwin,Roberts,groberts1u@shop-pro.jp,Male,2000-01-31
68,Rene,People,rpeople1v@indiatimes.com,Female,2000-05-23
69,Leone,Shrigley,lshrigley1w@squarespace.com,Female,2000-03-26
70,Elyn,Chettoe,echettoe1x@fema.gov,Female,2000-08-23
71,Jessee,Gibbetts,jgibbetts1y@hexun.com,Male,2000-07-07
72,Cathrin,Bythway,cbythway1z@cdc.gov,Female,2000-03-14
73,Betti,Pinching,bpinching20@ezinearticles.com,Female,2000-07-23
74,Willyt,Kear,wkear21@state.tx.us,Female,2000-05-11
75,Elise,Downse,edownse22@aol.com,Female,2000-05-05
76,Sigfrid,Bilovus,sbilovus23@npr.org,Male,2000-02-26
77,Burton,Baleine,bbaleine24@nhs.uk,Male,2000-12-22
78,Reine,Deschlein,rdeschlein25@jigsy.com,Female,2000-11-20
79,Ambrose,Biggin,abiggin26@cargocollective.com,Male,2000-05-08
80,Franny,Fiske,ffiske27@ox.ac.uk,Female,2000-03-10
81,Nertie,Duffett,nduffett28@lycos.com,Female,2000-06-24
82,Pat,Baulch,pbaulch29@trellian.com,Male,2000-02-28
83,Sheppard,Vila,svila2a@domainmarket.com,Male,2000-11-20
84,Sybila,Streetley,sstreetley2b@epa.gov,Female,2000-04-04
85,Gavan,Greenway,ggreenway2c@guardian.co.uk,Male,2000-10-29
86,Justinn,Signoret,jsignoret2d@foxnews.com,Female,2000-08-16
87,Syd,Gorgl,sgorgl2e@cnn.com,Male,2000-03-16
88,Mitchael,Rattray,mrattray2f@weather.com,Male,2000-02-05
89,Krysta,Denty,kdenty2g@hostgator.com,Female,2000-02-17
90,Donni,Broggetti,dbroggetti2h@woothemes.com,Female,2000-05-29
91,Livvy,Druitt,ldruitt2i@sfgate.com,Female,2000-03-18
92,Henka,Chrystal,hchrystal2j@statcounter.com,Female,2000-10-06
93,Carlin,Ronchka,cronchka2k@arizona.edu,Female,2000-02-21
94,Lorain,Simmank,lsimmank2l@homestead.com,Female,2000-08-17
95,Cordelia,MacCoughen,cmaccoughen2m@gov.uk,Female,2000-02-17
96,Grange,Randal,grandal2n@issuu.com,Male,2000-07-23
97,Albertina,Geldeford,ageldeford2o@flavors.me,Female,2000-07-26
98,Rosalia,Wakefield,rwakefield2p@canalblog.com,Female,2000-09-07
99,Caril,Fanton,cfanton2q@blogspot.com,Female,2000-11-02
100,Clay,Southworth,csouthworth2r@time.com,Male,2000-06-24
101,Mar,Cisson,mcisson2s@mozilla.com,Male,2000-03-26
102,Vernor,Rosenfelt,vrosenfelt2t@google.co.jp,Male,2000-02-13
103,Sherill,Coneron,sconeron2u@jimdo.com,Female,2000-08-30
104,Andros,Tesdale,atesdale2v@about.com,Male,2000-06-24
105,Humphrey,Blackall,hblackall2w@un.org,Male,2000-04-03
106,Evanne,Druhan,edruhan2x@springer.com,Female,2000-10-07
107,Reeta,Woodyer,rwoodyer2y@exblog.jp,Female,2000-04-13
108,Sampson,O'Neill,soneill2z@dmoz.org,Male,2000-05-09
109,Gerald,Rizzini,grizzini30@cdc.gov,Male,2000-03-30
110,Sheffie,Mabbitt,smabbitt31@hhs.gov,Male,2000-03-18
111,Dolorita,Franzelini,dfranzelini32@friendfeed.com,Female,2000-01-30
112,Joshuah,Stollen,jstollen33@yandex.ru,Male,2000-07-19
113,Tan,Parrish,tparrish34@acquirethisname.com,Male,2000-04-25
114,Carling,Finlay,cfinlay35@ed.gov,Male,2000-06-11
115,Sonny,Comelli,scomelli36@cocolog-nifty.com,Male,2000-05-12
116,Joye,Geikie,jgeikie37@chicagotribune.com,Female,2000-04-12
117,Holli,Gosnold,hgosnold38@soundcloud.com,Female,2000-11-04
118,Jakob,Luke,jluke39@archive.org,Male,2000-02-13
119,Margot,Hanby,mhanby3a@spiegel.de,Female,2000-11-07
120,Cherie,Kilminster,ckilminster3b@examiner.com,Female,2000-09-28
121,Vasilis,Thonason,vthonason3c@walmart.com,Male,2000-11-04
122,Ignazio,Moretto,imoretto3d@theguardian.com,Male,2000-10-23
123,Sancho,Snasdell,ssnasdell3e@tuttocitta.it,Male,2000-02-20
124,Berky,Hannum,bhannum3f@ameblo.jp,Male,2000-12-07
125,Bertram,Ridsdale,bridsdale3g@ox.ac.uk,Male,2000-04-06
126,Skylar,Champion,schampion3h@rambler.ru,Male,2000-11-01
127,Stephani,Levene,slevene3i@ucsd.edu,Female,2000-07-25
128,Krissy,Enterle,kenterle3j@studiopress.com,Female,2000-10-08
129,Dagny,Dechelette,ddechelette3k@irs.gov,Male,2000-03-28
130,Webster,Prothero,wprothero3l@youtube.com,Male,2000-10-18
131,Nadiya,Vairow,nvairow3m@fastcompany.com,Female,2000-07-27
132,Zorine,Pitbladdo,zpitbladdo3n@google.es,Female,2000-12-11
133,Katrinka,Bartlomieczak,kbartlomieczak3o@examiner.com,Female,2000-12-18
134,Suzanne,Slate,sslate3p@trellian.com,Female,2000-02-12
135,Norrie,Hubeaux,nhubeaux3q@ed.gov,Female,2000-06-21
136,Thea,Allnutt,tallnutt3r@dedecms.com,Female,2000-01-14
137,Pace,Glasner,pglasner3s@seesaa.net,Male,2000-03-29
138,Terri,Courtenay,tcourtenay3t@globo.com,Male,2000-11-26
139,Peggie,Sydenham,psydenham3u@nydailynews.com,Female,2000-04-30
140,Alasdair,Scandrick,ascandrick3v@de.vu,Male,2000-12-12
141,Sigismundo,Gettings,sgettings3w@youtube.com,Male,2000-04-23
142,Elora,Blything,eblything3x@nhs.uk,Female,2000-03-17
143,Wright,Bende,wbende3y@liveinternet.ru,Male,2000-06-01
144,Mia,Olander,molander3z@marriott.com,Female,2000-06-10
145,Patrizius,McQuillen,pmcquillen40@oakley.com,Male,2000-05-12
146,Jacobo,Edson,jedson41@naver.com,Male,2000-12-29
147,Doria,Bonifant,dbonifant42@last.fm,Female,2000-06-22
148,Alane,Kellog,akellog43@gizmodo.com,Female,2000-03-08
149,Norton,Hofton,nhofton44@storify.com,Male,2000-11-15
150,Wilmar,David,wdavid45@stanford.edu,Male,2000-08-22
151,Jerri,Ludlamme,jludlamme46@shop-pro.jp,Male,2000-08-12
152,Royall,Jubert,rjubert47@go.com,Male,2000-07-10
153,Antons,Sheepy,asheepy48@chicagotribune.com,Male,2000-03-01
154,Alia,Silvers,asilvers49@hud.gov,Female,2000-08-11
155,Cecilla,M'Quhan,cmquhan4a@51.la,Female,2000-08-02
156,Archibald,Pothergill,apothergill4b@berkeley.edu,Male,2000-11-08
157,Oralia,Colombier,ocolombier4c@bandcamp.com,Female,2000-06-11
158,Kelby,Shrawley,kshrawley4d@tripadvisor.com,Male,2000-11-18
159,Jill,Roller,jroller4e@printfriendly.com,Female,2000-03-04
160,Torey,Corking,tcorking4f@spiegel.de,Female,2000-10-17
161,Farlie,Proudlock,fproudlock4g@acquirethisname.com,Male,2000-08-26
162,Keenan,Jolliffe,kjolliffe4h@msu.edu,Male,2000-03-08
163,Roy,Jordon,rjordon4i@foxnews.com,Male,2000-04-27
164,Garwin,McMurdo,gmcmurdo4j@nature.com,Male,2000-05-05
165,Godfrey,Curling,gcurling4k@home.pl,Male,2000-08-07
166,Jenine,Bradd,jbradd4l@telegraph.co.uk,Female,2000-02-28
167,Chiarra,Sineath,csineath4m@usnews.com,Female,2000-07-16
168,Wake,Cotesford,wcotesford4n@list-manage.com,Male,2000-11-15
169,Carolyn,Eckh,ceckh4o@telegraph.co.uk,Female,2000-01-24
170,Jermayne,Corness,jcorness4p@hubpages.com,Male,2000-02-03
171,Eleen,Shopcott,eshopcott4q@google.it,Female,2000-09-24
172,Sylvan,Stithe,sstithe4r@istockphoto.com,Male,2000-06-21
173,Cob,Penrose,cpenrose4s@cbslocal.com,Male,2000-06-03
174,Faythe,MacGilmartin,fmacgilmartin4t@networkadvertising.org,Female,2000-05-16
175,Malina,Van der Brugge,mvanderbrugge4u@oakley.com,Female,2000-04-29
176,Tedra,MacGoun,tmacgoun4v@cyberchimps.com,Female,2000-06-04
177,Agustin,Coleman,acoleman4w@spiegel.de,Male,2000-02-24
178,Rufe,Eilhart,reilhart4x@gizmodo.com,Male,2000-12-22
179,Libbie,Rodger,lrodger4y@toplist.cz,Female,2000-04-10
180,Sandro,Manvell,smanvell4z@prlog.org,Male,2000-07-10
181,Harbert,Hamstead,hhamstead50@blogtalkradio.com,Male,2000-09-03
182,Yancy,Covet,ycovet51@yelp.com,Male,2000-01-19
183,Ellyn,Cheatle,echeatle52@nsw.gov.au,Female,2000-02-18
184,Wilton,Sweetenham,wsweetenham53@ustream.tv,Male,2000-11-06
185,Viole,Chettle,vchettle54@ftc.gov,Female,2000-08-28
186,Dominic,Glasscoo,dglasscoo55@gov.uk,Male,2000-04-09
187,Wally,Venditto,wvenditto56@hao123.com,Female,2000-06-26
188,Corty,Rimbault,crimbault57@surveymonkey.com,Male,2000-07-17
189,Dallis,Ferreri,dferreri58@nsw.gov.au,Male,2000-12-27
190,Stella,Rennicks,srennicks59@amazon.de,Female,2000-02-10
191,Daphene,Riccard,driccard5a@cmu.edu,Female,2000-07-12
192,Hallsy,Rominov,hrominov5b@so-net.ne.jp,Male,2000-04-07
193,Melodee,Rosel,mrosel5c@netlog.com,Female,2000-07-12
194,Leeland,McGowran,lmcgowran5d@canalblog.com,Male,2000-03-01
195,Guss,Viollet,gviollet5e@ftc.gov,Male,2000-06-22
196,Lindsay,Giacovetti,lgiacovetti5f@telegraph.co.uk,Female,2000-12-07
197,Garvy,Keeltagh,gkeeltagh5g@sphinn.com,Male,2000-02-14
198,Thibaut,Macilhench,tmacilhench5h@bloglovin.com,Male,2000-08-29
199,Jarrod,Culross,jculross5i@artisteer.com,Male,2000-02-01
200,Pru,Andreopolos,pandreopolos5j@xinhuanet.com,Female,2000-01-25
201,Anne,Wyldish,awyldish5k@geocities.com,Female,2000-04-01
202,Bronny,Flux,bflux5l@infoseek.co.jp,Male,2000-02-29
203,Aileen,McAlister,amcalister5m@prlog.org,Female,2000-09-28
204,Dino,Yuranovev,dyuranovev5n@tinyurl.com,Male,2000-03-07
205,Lurline,Matelyunas,lmatelyunas5o@webmd.com,Female,2000-12-22
206,Clair,Collihole,ccollihole5p@goo.ne.jp,Female,2000-11-08
207,Marshal,Bedome,mbedome5q@1und1.de,Male,2000-04-27
208,Ulick,De Simoni,udesimoni5r@salon.com,Male,2000-07-18
209,Donetta,Penreth,dpenreth5s@imgur.com,Female,2000-02-16
210,Anne-marie,Flecknell,aflecknell5t@kickstarter.com,Female,2000-10-23
211,Dean,Quodling,dquodling5u@pen.io,Male,2000-12-24
212,Mario,Govey,mgovey5v@google.es,Male,2000-05-26
213,Bastian,Ruegg,bruegg5w@virginia.edu,Male,2000-11-17
214,Betsey,Domenichelli,bdomenichelli5x@thetimes.co.uk,Female,2000-09-28
215,Viki,Probetts,vprobetts5y@ebay.com,Female,2000-07-17
216,Rafferty,Levinge,rlevinge5z@acquirethisname.com,Male,2000-07-04
217,Edgard,Demschke,edemschke60@ucoz.ru,Male,2000-04-05
218,Ines,Le Blond,ileblond61@dailymail.co.uk,Female,2000-04-19
219,Freida,MacGraith,fmacgraith62@google.de,Female,2000-08-22
220,Maxim,Morde,mmorde63@elegantthemes.com,Male,2000-11-10
221,Rosamund,Casotti,rcasotti64@cyberchimps.com,Female,2000-03-10
222,Frederic,Dionisetto,fdionisetto65@apache.org,Male,2000-06-24
223,Antoine,Hadigate,ahadigate66@bing.com,Male,2000-08-08
224,Lynn,Kunkel,lkunkel67@icq.com,Female,2000-09-27
225,Kori,Yeld,kyeld68@t-online.de,Female,2000-11-18
226,Trstram,Bottoms,tbottoms69@stumbleupon.com,Male,2000-02-29
227,Kendricks,Soan,ksoan6a@go.com,Male,2000-08-25
228,Raoul,Jeannaud,rjeannaud6b@godaddy.com,Male,2000-02-21
229,Dario,Clare,dclare6c@163.com,Male,2000-08-21
230,Derward,Gorry,dgorry6d@smh.com.au,Male,2000-01-29
231,Petr,Moden,pmoden6e@newsvine.com,Male,2000-04-09
232,Charlotta,Itzkowicz,citzkowicz6f@youku.com,Female,2000-07-11
233,Ramsey,Becarra,rbecarra6g@pinterest.com,Male,2000-04-17
234,Banky,Pfertner,bpfertner6h@walmart.com,Male,2000-04-27
235,Francklyn,Toupe,ftoupe6i@elegantthemes.com,Male,2000-09-27
236,Blane,Lawlan,blawlan6j@archive.org,Male,2000-07-15
237,Annamarie,Reisk,areisk6k@mapy.cz,Female,2000-02-21
238,Yulma,Clarae,yclarae6l@accuweather.com,Male,2000-11-25
239,Stevena,Eddies,seddies6m@ucoz.com,Female,2000-08-24
240,Mackenzie,Humphrey,mhumphrey6n@springer.com,Male,2000-12-18
241,Arty,Hammon,ahammon6o@reuters.com,Male,2000-05-02
242,Celeste,Clissold,cclissold6p@hibu.com,Female,2000-10-12
243,Zoe,Camelia,zcamelia6q@booking.com,Female,2000-09-05
244,Kinna,Cartledge,kcartledge6r@timesonline.co.uk,Female,2000-06-07
245,Timothee,Jersch,tjersch6s@wsj.com,Male,2000-06-14
246,Louie,Plume,lplume6t@sun.com,Male,2000-11-19
247,Avictor,Jerzykiewicz,ajerzykiewicz6u@pinterest.com,Male,2000-11-02
248,Joly,Beale,jbeale6v@google.nl,Female,2000-03-25
249,Crosby,Record,crecord6w@sfgate.com,Male,2000-05-02
250,Bartholomew,Vyel,bvyel6x@gmpg.org,Male,2000-09-26
251,Sherye,Hunn,shunn6y@cafepress.com,Female,2000-03-14
252,Morgan,Davidsohn,mdavidsohn6z@amazon.co.uk,Female,2000-08-17
253,Jessy,Dowda,jdowda70@ed.gov,Female,2000-10-26
254,Arda,Scrymgeour,ascrymgeour71@sciencedirect.com,Female,2000-05-07
255,Newton,Nassie,nnassie72@surveymonkey.com,Male,2000-10-06
256,Prue,Mifflin,pmifflin73@dot.gov,Female,2000-06-21
257,Glynda,Greenset,ggreenset74@ucla.edu,Female,2000-09-30
258,Sarah,Church,schurch75@netscape.com,Female,2000-11-19
259,Callean,McNee,cmcnee76@seesaa.net,Male,2000-09-29
260,Byrann,MacGauhy,bmacgauhy77@privacy.gov.au,Male,2000-03-22
261,Ev,Tiplady,etiplady78@google.fr,Male,2000-03-20
262,Joanna,Soonhouse,jsoonhouse79@dailymotion.com,Female,2000-10-01
263,Adolf,Shiliton,ashiliton7a@amazonaws.com,Male,2000-10-02
264,Romola,Lascell,rlascell7b@businesswire.com,Female,2000-01-14
265,Dominique,Bernade,dbernade7c@live.com,Female,2000-10-19
266,Edy,Barltrop,ebarltrop7d@miitbeian.gov.cn,Female,2000-01-20
267,Terrence,Lewendon,tlewendon7e@army.mil,Male,2000-12-22
268,Fernanda,Plank,fplank7f@privacy.gov.au,Female,2000-11-11
269,Marsh,Basindale,mbasindale7g@mail.ru,Male,2000-11-12
270,Vivianne,Ratlee,vratlee7h@cargocollective.com,Female,2000-07-27
271,Gaylord,Pourveer,gpourveer7i@wufoo.com,Male,2000-02-05
272,Chance,Umpleby,cumpleby7j@jimdo.com,Male,2000-04-23
273,Jill,Jorn,jjorn7k@guardian.co.uk,Female,2000-06-25
274,Avigdor,Yate,ayate7l@github.io,Male,2000-03-06
275,Aileen,Gergolet,agergolet7m@washingtonpost.com,Female,2000-11-03
276,Ofella,Howship,ohowship7n@senate.gov,Female,2000-11-07
277,Starr,Shea,sshea7o@newyorker.com,Female,2000-09-09
278,Iseabal,Buche,ibuche7p@amazonaws.com,Female,2000-01-22
279,Amelina,Dunridge,adunridge7q@youku.com,Female,2000-08-13
280,Gabrielle,Kincla,gkincla7r@ustream.tv,Female,2000-04-29
281,Kristal,Shalcras,kshalcras7s@google.com.br,Female,2000-05-08
282,Costa,Kinmond,ckinmond7t@ameblo.jp,Male,2000-02-12
283,Margalit,Sybe,msybe7u@flickr.com,Female,2000-12-17
284,Normy,Bendelow,nbendelow7v@answers.com,Male,2000-07-25
285,Anselm,Stocken,astocken7w@booking.com,Male,2000-06-26
286,Elly,Antonowicz,eantonowicz7x@theguardian.com,Female,2000-10-10
287,Vivianna,O'Hannen,vohannen7y@apache.org,Female,2000-03-07
288,Kessiah,Van der Kruys,kvanderkruys7z@state.tx.us,Female,2000-02-12
289,Leshia,MacPeice,lmacpeice80@storify.com,Female,2000-12-19
290,Jeremiah,Cossor,jcossor81@hhs.gov,Male,2000-03-23
291,Vanessa,Glitherow,vglitherow82@webmd.com,Female,2000-07-30
292,Hurley,Manginot,hmanginot83@nhs.uk,Male,2000-10-24
293,Angie,Speaks,aspeaks84@howstuffworks.com,Female,2000-12-29
294,Fern,Pinner,fpinner85@123-reg.co.uk,Female,2000-07-25
295,Regina,Larvin,rlarvin86@house.gov,Female,2000-07-03
296,Burty,Pountain,bpountain87@blogs.com,Male,2000-12-03
297,Eugenia,Hutchins,ehutchins88@wiley.com,Female,2000-03-12
298,Evangelia,Alejandri,ealejandri89@toplist.cz,Female,2000-10-17
299,Cindy,Babe,cbabe8a@si.edu,Female,2000-08-14
300,Beryl,Korting,bkorting8b@dyndns.org,Female,2000-02-04
301,Axe,De Giovanni,adegiovanni8c@godaddy.com,Male,2000-03-07
302,Erika,Bellee,ebellee8d@sun.com,Female,2000-10-01
303,Karyl,Easter,keaster8e@senate.gov,Female,2000-04-13
304,Valaria,Willoughby,vwilloughby8f@edublogs.org,Female,2000-11-09
305,Ibby,Ettridge,iettridge8g@biblegateway.com,Female,2000-12-20
306,Mitch,Threadgould,mthreadgould8h@diigo.com,Male,2000-08-11
307,Swen,Wanstall,swanstall8i@facebook.com,Male,2000-05-25
308,Curt,Hackelton,chackelton8j@blogs.com,Male,2000-05-27
309,Rufe,Enderle,renderle8k@google.pl,Male,2000-11-29
310,Libbey,Folkard,lfolkard8l@hhs.gov,Female,2000-03-06
311,Morten,Sexten,msexten8m@weibo.com,Male,2000-01-29
312,Adler,Deverille,adeverille8n@facebook.com,Male,2000-03-14
313,Gustav,Pretsel,gpretsel8o@si.edu,Male,2000-12-14
314,Kevon,Tomlett,ktomlett8p@i2i.jp,Male,2000-10-31
315,Laina,Lyfield,llyfield8q@freewebs.com,Female,2000-03-28
316,Oriana,Maylam,omaylam8r@ucla.edu,Female,2000-09-12
317,Nickie,Camm,ncamm8s@bloglines.com,Male,2000-07-12
318,Gerrie,Antognelli,gantognelli8t@blinklist.com,Male,2000-05-19
319,Miller,Gillebride,mgillebride8u@joomla.org,Male,2000-10-25
320,Buckie,Emor,bemor8v@constantcontact.com,Male,2000-03-19
321,Genia,Cockcroft,gcockcroft8w@timesonline.co.uk,Female,2000-05-22
322,Hollis,Rankcom,hrankcom8x@instagram.com,Male,2000-04-04
323,Elvis,Tinghill,etinghill8y@themeforest.net,Male,2000-09-12
324,Carina,Millen,cmillen8z@netlog.com,Female,2000-09-04
325,Marleen,Lawty,mlawty90@dyndns.org,Female,2000-05-29
326,Marna,Cranston,mcranston91@ibm.com,Female,2000-05-12
327,Loralee,Sharrem,lsharrem92@ning.com,Female,2000-08-14
328,Rolfe,Bottini,rbottini93@prweb.com,Male,2000-08-08
329,Allin,Blazi,ablazi94@bigcartel.com,Male,2000-02-25
330,Arnuad,Varnham,avarnham95@umn.edu,Male,2000-05-13
331,Lilia,McCobb,lmccobb96@timesonline.co.uk,Female,2000-05-12
332,Jerrilee,Panter,jpanter97@smugmug.com,Female,2000-02-11
333,Vivian,Jerger,vjerger98@surveymonkey.com,Female,2000-04-04
334,Electra,Smee,esmee99@cmu.edu,Female,2000-02-06
335,Candida,Ashley,cashley9a@live.com,Female,2000-05-07
336,Kizzee,Redman,kredman9b@amazon.co.uk,Female,2000-08-23
337,Brandea,Woodyer,bwoodyer9c@surveymonkey.com,Female,2000-12-17
338,Corrina,Husthwaite,chusthwaite9d@is.gd,Female,2000-06-08
339,Hilly,Lockley,hlockley9e@cdbaby.com,Male,2000-01-30
340,Sibbie,McGooch,smcgooch9f@fastcompany.com,Female,2000-10-25
341,Morse,Grouse,mgrouse9g@wp.com,Male,2000-08-07
342,Alberta,Copeman,acopeman9h@mozilla.com,Female,2000-06-16
343,Isabel,Milesap,imilesap9i@pinterest.com,Female,2000-11-12
344,Jillayne,Blayd,jblayd9j@seesaa.net,Female,2000-11-06
345,Brittani,Megainey,bmegainey9k@acquirethisname.com,Female,2000-10-16
346,Rasla,Yockley,ryockley9l@globo.com,Female,2000-07-23
347,Fidelio,Craythorn,fcraythorn9m@artisteer.com,Male,2000-08-17
348,Ker,Quartermaine,kquartermaine9n@jigsy.com,Male,2000-04-24
349,Kial,Woonton,kwoonton9o@exblog.jp,Female,2000-04-03
350,Petronille,Headech,pheadech9p@japanpost.jp,Female,2000-07-20
351,Jude,Etoile,jetoile9q@mit.edu,Male,2000-11-20
352,Sabra,Wayne,swayne9r@biglobe.ne.jp,Female,2000-10-23
353,Lotte,Copeland,lcopeland9s@wufoo.com,Female,2000-04-19
354,Arman,Threlfall,athrelfall9t@bluehost.com,Male,2000-07-30
355,Reginald,Sheivels,rsheivels9u@google.pl,Male,2000-09-05
356,Carleen,Searchfield,csearchfield9v@networksolutions.com,Female,2000-12-25
357,Rasla,Coombes,rcoombes9w@technorati.com,Female,2000-11-21
358,Benedict,De Gogay,bdegogay9x@sciencedaily.com,Male,2000-04-10
359,Farlie,Chamberlin,fchamberlin9y@nymag.com,Male,2000-03-27
360,Frieda,Rozenzweig,frozenzweig9z@biblegateway.com,Female,2000-03-29
361,Eilis,Wilman,ewilmana0@google.it,Female,2000-09-24
362,Philipa,FitzGibbon,pfitzgibbona1@wikispaces.com,Female,2000-04-17
363,Modestine,L'Episcopi,mlepiscopia2@admin.ch,Female,2000-02-27
364,Barn,Spoerl,bspoerla3@scientificamerican.com,Male,2000-07-02
365,Venita,Coronado,vcoronadoa4@who.int,Female,2000-11-14
366,Maxwell,Relph,mrelpha5@myspace.com,Male,2000-02-11
367,Ferdy,Trouel,ftrouela6@sogou.com,Male,2000-06-24
368,Virge,Cafe,vcafea7@theatlantic.com,Male,2000-01-27
369,Veradis,Herety,vheretya8@sphinn.com,Female,2000-12-20
370,Rollo,Hadley,rhadleya9@theguardian.com,Male,2000-03-26
371,Daphna,Hanselmann,dhanselmannaa@sakura.ne.jp,Female,2000-12-09
372,Bryon,Gisbye,bgisbyeab@com.com,Male,2000-08-07
373,Jacintha,Gerwood,jgerwoodac@jalbum.net,Female,2000-02-17
374,Robinson,Windebank,rwindebankad@businessweek.com,Male,2000-12-13
375,Iago,Flaune,iflauneae@ibm.com,Male,2000-08-17
376,Forbes,Blundin,fblundinaf@devhub.com,Male,2000-07-01
377,Tobi,Poge,tpogeag@china.com.cn,Female,2000-10-09
378,Egon,Pickerin,epickerinah@cbsnews.com,Male,2000-08-18
379,Ric,Twinberrow,rtwinberrowai@msu.edu,Male,2000-12-13
380,Alair,Hawksby,ahawksbyaj@businessinsider.com,Male,2000-08-22
381,Katrine,Pracy,kpracyak@tamu.edu,Female,2000-02-17
382,Mozes,Cheesman,mcheesmanal@narod.ru,Male,2000-08-07
383,Silvie,Durrand,sdurrandam@deliciousdays.com,Female,2000-08-30
384,Arlyn,Perott,aperottan@sbwire.com,Female,2000-01-29
385,Charley,Liverseege,cliverseegeao@taobao.com,Male,2000-10-25
386,Ree,Garnson,rgarnsonap@sina.com.cn,Female,2000-08-06
387,Antonio,McGoldrick,amcgoldrickaq@odnoklassniki.ru,Male,2000-07-31
388,Rog,Haack,rhaackar@msn.com,Male,2000-01-19
389,Nelly,Fitzsymons,nfitzsymonsas@soup.io,Female,2000-01-29
390,Maurie,Oxley,moxleyat@nyu.edu,Male,2000-08-28
391,Ekaterina,Hildrew,ehildrewau@loc.gov,Female,2000-11-16
392,Garret,Naulls,gnaullsav@tmall.com,Male,2000-04-16
393,Camilla,Allaway,callawayaw@bloomberg.com,Female,2000-01-16
394,Flory,Kalinsky,fkalinskyax@columbia.edu,Male,2000-10-05
395,Myrtia,Flooks,mflooksay@chicagotribune.com,Female,2000-12-11
396,Alene,Whittington,awhittingtonaz@canalblog.com,Female,2000-07-30
397,Jabez,Mulliss,jmullissb0@imdb.com,Male,2000-06-30
398,Birk,Lorimer,blorimerb1@guardian.co.uk,Male,2000-12-26
399,Jedd,Leynton,jleyntonb2@apache.org,Male,2000-08-17
400,Margy,Lyall,mlyallb3@1und1.de,Female,2000-07-29
401,Juliane,Wedge,jwedgeb4@sphinn.com,Female,2000-12-09
402,Clotilda,Packman,cpackmanb5@pbs.org,Female,2000-07-20
403,Antony,Skynner,askynnerb6@latimes.com,Male,2000-04-09
404,Peterus,Lotte,plotteb7@de.vu,Male,2000-09-05
405,Giusto,Episcopi,gepiscopib8@alexa.com,Male,2000-09-09
406,Kettie,Oret,koretb9@slate.com,Female,2000-05-09
407,Em,Gainforth,egainforthba@simplemachines.org,Female,2000-10-23
408,Glenda,Coulling,gcoullingbb@booking.com,Female,2000-04-10
409,Dulciana,Jelf,djelfbc@wordpress.org,Female,2000-05-09
410,Lutero,Brounsell,lbrounsellbd@blogspot.com,Male,2000-12-09
411,Kalina,Whapple,kwhapplebe@prnewswire.com,Female,2000-08-06
412,Beatriz,Beckhurst,bbeckhurstbf@topsy.com,Female,2000-11-24
413,Cam,Rosenblum,crosenblumbg@smh.com.au,Male,2000-09-19
414,Dyan,Glozman,dglozmanbh@accuweather.com,Female,2000-11-07
415,Tallulah,Greedier,tgreedierbi@princeton.edu,Female,2000-07-26
416,Ezri,Widdocks,ewiddocksbj@1688.com,Male,2000-11-20
417,Miller,Baldock,mbaldockbk@google.it,Male,2000-09-14
418,Moira,Truelove,mtruelovebl@scientificamerican.com,Female,2000-04-16
419,Gabie,Bartolomeoni,gbartolomeonibm@furl.net,Male,2000-01-25
420,Karrie,Travers,ktraversbn@rambler.ru,Female,2000-09-08
421,Basilius,Braithwaite,bbraithwaitebo@amazon.co.uk,Male,2000-02-09
422,Lynnett,Speake,lspeakebp@fema.gov,Female,2000-05-18
423,Nerty,Perkinson,nperkinsonbq@digg.com,Female,2000-07-31
424,Kessia,Minihan,kminihanbr@flickr.com,Female,2000-11-10
425,Chauncey,Plumbe,cplumbebs@devhub.com,Male,2000-08-10
426,Freda,Jephcott,fjephcottbt@ebay.com,Female,2000-02-21
427,Maure,Bonett,mbonettbu@vimeo.com,Female,2000-07-01
428,Julissa,Elliston,jellistonbv@eepurl.com,Female,2000-04-05
429,Katti,Ferrillio,kferrilliobw@barnesandnoble.com,Female,2000-08-29
430,Fredra,Trime,ftrimebx@phpbb.com,Female,2000-01-27
431,Torrence,Kunat,tkunatby@naver.com,Male,2000-06-21
432,Earlie,Prentice,eprenticebz@trellian.com,Male,2000-04-20
433,Kris,Oleszkiewicz,koleszkiewiczc0@t.co,Male,2000-05-15
434,Jaclin,Andrivel,jandrivelc1@gizmodo.com,Female,2000-05-11
435,Rosina,Hrishanok,rhrishanokc2@mediafire.com,Female,2000-06-22
436,Fedora,Botger,fbotgerc3@slideshare.net,Female,2000-12-05
437,Ema,Marieton,emarietonc4@addthis.com,Female,2000-12-05
438,Madel,Maudsley,mmaudsleyc5@soup.io,Female,2000-01-28
439,Tybi,Frail,tfrailc6@github.com,Female,2000-09-15
440,Davy,Cheesman,dcheesmanc7@printfriendly.com,Male,2000-05-25
441,Anni,Forsaith,aforsaithc8@g.co,Female,2000-11-05
442,Willey,Alderwick,walderwickc9@simplemachines.org,Male,2000-09-28
443,Bram,Bryett,bbryettca@yelp.com,Male,2000-12-30
444,Hesther,Loughnan,hloughnancb@ifeng.com,Female,2000-02-28
445,Alvie,Comazzo,acomazzocc@accuweather.com,Male,2000-04-16
446,Kerri,Luparto,klupartocd@ovh.net,Female,2000-06-25
447,Audrye,Skelton,askeltonce@ovh.net,Female,2000-09-29
448,Gallagher,De Biaggi,gdebiaggicf@tinypic.com,Male,2000-08-30
449,Francesco,Folkes,ffolkescg@behance.net,Male,2000-10-16
450,Suzette,Shapero,sshaperoch@opensource.org,Female,2000-01-30
451,Philippa,Nannizzi,pnannizzici@ocn.ne.jp,Female,2000-06-26
452,Fletch,Bridson,fbridsoncj@flavors.me,Male,2000-03-27
453,Terri,Coulthard,tcoulthardck@whitehouse.gov,Male,2000-01-25
454,Sibylla,Di Claudio,sdiclaudiocl@wiley.com,Female,2000-04-22
455,Cornelle,Ivons,civonscm@wix.com,Female,2000-08-20
456,Glyn,Le Prevost,gleprevostcn@si.edu,Female,2000-06-14
457,Lamond,Dregan,ldreganco@163.com,Male,2000-12-23
458,Louis,Critchlow,lcritchlowcp@aboutads.info,Male,2000-02-05
459,Florian,Oldrey,foldreycq@amazon.com,Male,2000-05-08
460,Hildegarde,Bollum,hbollumcr@woothemes.com,Female,2000-02-07
461,Prentiss,Ramshaw,pramshawcs@house.gov,Male,2000-02-12
462,Collete,Hembrow,chembrowct@joomla.org,Female,2000-12-27
463,Baryram,O'Driscole,bodriscolecu@fotki.com,Male,2000-10-14
464,Margy,Hatwells,mhatwellscv@sitemeter.com,Female,2000-10-26
465,Elwyn,Mingasson,emingassoncw@behance.net,Male,2000-03-27
466,Adey,Adel,aadelcx@cnn.com,Female,2000-04-22
467,Brandtr,Syddon,bsyddoncy@kickstarter.com,Male,2000-08-30
468,Hester,Fellon,hfelloncz@multiply.com,Female,2000-06-24
469,Rafferty,Kiff,rkiffd0@themeforest.net,Male,2000-02-24
470,Dollie,Common,dcommond1@ucsd.edu,Female,2000-11-25
471,Delaney,Aleksich,daleksichd2@reddit.com,Male,2000-04-17
472,Leonie,Micklem,lmicklemd3@craigslist.org,Female,2000-03-12
473,Cheryl,Creaser,ccreaserd4@rediff.com,Female,2000-06-27
474,Kenton,Rides,kridesd5@engadget.com,Male,2000-04-05
475,Bradly,Lettice,bletticed6@yandex.ru,Male,2000-06-26
476,Romona,Wilcot,rwilcotd7@mit.edu,Female,2000-07-02
477,Rafaelita,Stuther,rstutherd8@lulu.com,Female,2000-09-11
478,Candice,Adamczyk,cadamczykd9@cafepress.com,Female,2000-12-16
479,Leela,Ringer,lringerda@digg.com,Female,2000-07-05
480,Evvie,Hollindale,ehollindaledb@nps.gov,Female,2000-10-22
481,Bale,Butchart,bbutchartdc@tiny.cc,Male,2000-11-08
482,Gregorius,Eleshenar,geleshenardd@lycos.com,Male,2000-01-21
483,Penny,Ketteringham,pketteringhamde@lulu.com,Female,2000-06-29
484,Sigismondo,Nudde,snuddedf@cafepress.com,Male,2000-11-23
485,Vittorio,Jeanin,vjeanindg@zdnet.com,Male,2000-01-24
486,Kerwinn,Gloves,kglovesdh@cbc.ca,Male,2000-09-24
487,Dunstan,Blenkensop,dblenkensopdi@tripod.com,Male,2000-04-19
488,Kissee,Klagges,kklaggesdj@washington.edu,Female,2000-01-12
489,Ellerey,Philippe,ephilippedk@bravesites.com,Male,2000-07-18
490,Keen,Schrieves,kschrievesdl@wikispaces.com,Male,2000-10-17
491,Allys,Stonhouse,astonhousedm@ucoz.com,Female,2000-01-21
492,Bjorn,Bonifas,bbonifasdn@ow.ly,Male,2000-08-16
493,Herta,Cardo,hcardodo@163.com,Female,2000-04-12
494,Justinn,Dorot,jdorotdp@amazonaws.com,Female,2000-10-05
495,Alvis,Keemar,akeemardq@plala.or.jp,Male,2000-01-23
496,Gusella,Challen,gchallendr@narod.ru,Female,2000-12-05
497,Lewiss,Khan,lkhands@dagondesign.com,Male,2000-07-03
498,Christabel,Avramow,cavramowdt@microsoft.com,Female,2000-08-11
499,Siana,Trodden,stroddendu@people.com.cn,Female,2000-03-16
500,Janene,Searles,jsearlesdv@comcast.net,Female,2000-07-18
501,Carissa,Tenant,ctenantdw@surveymonkey.com,Female,2000-09-25
502,Lori,de Amaya,ldeamayadx@vistaprint.com,Female,2000-04-20
503,Tabatha,Clethro,tclethrody@webnode.com,Female,2000-03-16
504,Patrick,McLane,pmclanedz@weather.com,Male,2000-07-05
505,Deedee,Heddon,dheddone0@toplist.cz,Female,2000-03-05
506,Isacco,Van Arsdall,ivanarsdalle1@hao123.com,Male,2000-11-26
507,Whitney,Yglesia,wyglesiae2@tinypic.com,Male,2000-05-15
508,Rosene,Coneron,rconerone3@taobao.com,Female,2000-06-07
509,Cheri,Skaif,cskaife4@nsw.gov.au,Female,2000-05-24
510,Lodovico,Beazley,lbeazleye5@altervista.org,Male,2000-10-05
511,Zaria,O'Regan,zoregane6@livejournal.com,Female,2000-10-13
512,Toma,Malkinson,tmalkinsone7@geocities.com,Female,2000-02-07
513,Bel,Karlmann,bkarlmanne8@jalbum.net,Female,2000-05-23
514,Gris,Ivanikov,givanikove9@unc.edu,Male,2000-11-07
515,Hakim,Ellingsworth,hellingsworthea@dailymotion.com,Male,2000-02-23
516,Gay,Bubeer,gbubeereb@reuters.com,Male,2000-03-02
517,Boris,Rosbotham,brosbothamec@usatoday.com,Male,2000-02-12
518,Jamie,Vogele,jvogeleed@upenn.edu,Female,2000-04-09
519,Keelia,Hanscomb,khanscombee@parallels.com,Female,2000-10-26
520,Symon,Hennemann,shennemannef@zimbio.com,Male,2000-05-01
521,Frasier,Auger,faugereg@github.io,Male,2000-06-15
522,Iseabal,McLaggan,imclagganeh@blogger.com,Female,2000-02-04
523,Itch,Massimo,imassimoei@dell.com,Male,2000-01-12
524,Durand,Norsworthy,dnorsworthyej@wisc.edu,Male,2000-12-29
525,Teodoor,Cuttings,tcuttingsek@dailymail.co.uk,Male,2000-03-29
526,Nikki,Mimmack,nmimmackel@xing.com,Female,2000-08-01
527,Anna,Gumbley,agumbleyem@state.tx.us,Female,2000-11-26
528,Katleen,Plesing,kplesingen@hatena.ne.jp,Female,2000-06-27
529,Modestine,Veracruysse,mveracruysseeo@zimbio.com,Female,2000-03-23
530,Christos,Melliard,cmelliardep@bandcamp.com,Male,2000-03-09
531,Brendis,Benedicte,bbenedicteeq@telegraph.co.uk,Male,2000-11-02
532,Kariotta,Griffey,kgriffeyer@paypal.com,Female,2000-05-28
533,Ulrick,Scimonelli,uscimonellies@slashdot.org,Male,2000-08-15
534,Chaunce,Osorio,cosorioet@desdev.cn,Male,2000-11-10
535,Kinsley,Mullis,kmulliseu@posterous.com,Male,2000-01-14
536,Sabina,Jilkes,sjilkesev@wisc.edu,Female,2000-11-25
537,Biddie,Charle,bcharleew@google.co.jp,Female,2000-07-21
538,Aloisia,Rawes,arawesex@slate.com,Female,2000-02-05
539,Darcey,Brosnan,dbrosnaney@indiegogo.com,Female,2000-12-26
540,Maurits,Ollivier,mollivierez@va.gov,Male,2000-11-17
541,Gillie,Brolly,gbrollyf0@fema.gov,Female,2000-09-12
542,Ronda,Gorelli,rgorellif1@goo.gl,Female,2000-07-18
543,Marena,Gateland,mgatelandf2@free.fr,Female,2000-10-02
544,Kassi,Fair,kfairf3@pbs.org,Female,2000-03-24
545,Lorraine,Goodee,lgoodeef4@quantcast.com,Female,2000-04-06
546,Julienne,Lawson,jlawsonf5@pinterest.com,Female,2000-02-04
547,Bondie,Leijs,bleijsf6@cafepress.com,Male,2000-10-04
548,Robenia,Benadette,rbenadettef7@mediafire.com,Female,2000-04-25
549,Lanette,Hansberry,lhansberryf8@edublogs.org,Female,2000-07-03
550,Norene,Storrs,nstorrsf9@skyrock.com,Female,2000-09-27
551,Conant,Batstone,cbatstonefa@cam.ac.uk,Male,2000-10-23
552,Joelle,Croux,jcrouxfb@toplist.cz,Female,2000-06-13
553,Reggie,MacConchie,rmacconchiefc@hud.gov,Female,2000-09-15
554,Dorette,Stang-Gjertsen,dstanggjertsenfd@wix.com,Female,2000-01-12
555,Libbey,Sharvell,lsharvellfe@eventbrite.com,Female,2000-12-06
556,Alix,Weathers,aweathersff@europa.eu,Male,2000-10-10
557,Celisse,Ellcock,cellcockfg@yellowbook.com,Female,2000-07-01
558,Torre,Tucknott,ttucknottfh@phpbb.com,Male,2000-05-15
559,Grenville,Clemett,gclemettfi@amazon.co.jp,Male,2000-03-11
560,Johann,Egglestone,jegglestonefj@cafepress.com,Male,2000-04-30
561,Kevina,Sang,ksangfk@rediff.com,Female,2000-01-25
562,Euell,Casarili,ecasarilifl@squarespace.com,Male,2000-02-06
563,Cornie,Kynforth,ckynforthfm@netlog.com,Male,2000-12-09
564,Sherwynd,Parrington,sparringtonfn@gmpg.org,Male,2000-11-07
565,Kaitlyn,Tipler,ktiplerfo@vinaora.com,Female,2000-12-03
566,Ruth,Jamot,rjamotfp@newsvine.com,Female,2000-04-24
567,Leland,Codling,lcodlingfq@merriam-webster.com,Male,2000-04-27
568,Eberto,Seers,eseersfr@accuweather.com,Male,2000-12-21
569,Diane-marie,Ghilardi,dghilardifs@home.pl,Female,2000-07-12
570,Vitoria,Rubery,vruberyft@sfgate.com,Female,2000-04-08
571,Tobit,Thrush,tthrushfu@disqus.com,Male,2000-06-26
572,Nonnah,Pate,npatefv@howstuffworks.com,Female,2000-10-10
573,Carey,Cudd,ccuddfw@netscape.com,Male,2000-05-02
574,Arlette,Northrop,anorthropfx@facebook.com,Female,2000-07-25
575,Noreen,Ramsby,nramsbyfy@europa.eu,Female,2000-06-09
576,Jude,Dell 'Orto,jdellortofz@guardian.co.uk,Male,2000-09-20
577,Jayme,Clitherow,jclitherowg0@acquirethisname.com,Female,2000-02-17
578,Walden,Grandin,wgranding1@weibo.com,Male,2000-12-05
579,Nisse,Brandel,nbrandelg2@nasa.gov,Female,2000-05-14
580,Dore,Nigh,dnighg3@opensource.org,Male,2000-12-19
581,Annissa,Toffolo,atoffolog4@telegraph.co.uk,Female,2000-05-02
582,Carilyn,Caunce,ccaunceg5@usatoday.com,Female,2000-02-29
583,Thom,Baal,tbaalg6@slashdot.org,Male,2000-06-10
584,Ilyse,Skermer,iskermerg7@shareasale.com,Female,2000-08-08
585,Mendie,Kirkam,mkirkamg8@businesswire.com,Male,2000-09-04
586,Eba,Goulborn,egoulborng9@amazonaws.com,Female,2000-06-17
587,Markus,Giacomuzzi,mgiacomuzziga@facebook.com,Male,2000-10-31
588,Jarrett,Trott,jtrottgb@sina.com.cn,Male,2000-01-24
589,Evvie,Engley,eengleygc@wiley.com,Female,2000-10-03
590,Euell,Greenman,egreenmangd@ovh.net,Male,2000-06-12
591,Rebeka,Reitenbach,rreitenbachge@yale.edu,Female,2000-08-21
592,Lenee,Elfes,lelfesgf@time.com,Female,2000-02-01
593,Garfield,Bodimeade,gbodimeadegg@weibo.com,Male,2000-03-31
594,Ange,Revelle,arevellegh@about.com,Male,2000-02-13
595,Derrick,Krier,dkriergi@cnbc.com,Male,2000-01-25
596,Erick,Landre,elandregj@nydailynews.com,Male,2000-05-18
597,Clemmie,Balaizot,cbalaizotgk@miibeian.gov.cn,Female,2000-07-08
598,Sydney,Borthram,sborthramgl@clickbank.net,Male,2000-10-20
599,Dian,Duberry,dduberrygm@gnu.org,Female,2000-08-16
600,Giorgio,Hamsley,ghamsleygn@va.gov,Male,2000-08-21
601,Rickard,Klugel,rklugelgo@businesswire.com,Male,2000-05-11
602,Nicholle,Odegaard,nodegaardgp@reddit.com,Female,2000-04-20
603,Freddie,Chiles,fchilesgq@newyorker.com,Female,2000-04-09
604,Shoshanna,Arthars,sartharsgr@seesaa.net,Female,2000-02-04
605,Kerrie,Peal,kpealgs@comsenz.com,Female,2000-09-29
606,Arel,Poone,apoonegt@springer.com,Male,2000-02-27
607,Martelle,Olyff,molyffgu@oaic.gov.au,Female,2000-03-05
608,Leicester,Francke,lfranckegv@cpanel.net,Male,2000-10-11
609,Mohammed,Collihole,mcolliholegw@nih.gov,Male,2000-09-04
610,Mureil,Jellard,mjellardgx@economist.com,Female,2000-06-12
611,Marcelia,Hansman,mhansmangy@freewebs.com,Female,2000-05-12
612,George,Gresswood,ggresswoodgz@facebook.com,Female,2000-03-14
613,Randie,Lippiett,rlippietth0@zimbio.com,Female,2000-04-24
614,Viva,Noirel,vnoirelh1@wix.com,Female,2000-04-08
615,Travers,Bowhey,tbowheyh2@boston.com,Male,2000-10-16
616,Berton,Huzzay,bhuzzayh3@ucoz.com,Male,2000-09-15
617,Darelle,Hollingsby,dhollingsbyh4@house.gov,Female,2000-02-23
618,Valentin,Hughlin,vhughlinh5@tumblr.com,Male,2000-06-02
619,Niven,Wraxall,nwraxallh6@shareasale.com,Male,2000-08-07
620,Julian,Brangan,jbranganh7@netscape.com,Male,2000-02-25
621,Nariko,Sherwill,nsherwillh8@statcounter.com,Female,2000-08-19
622,Sheilakathryn,Guitonneau,sguitonneauh9@icio.us,Female,2000-07-09
623,Demetre,Westbury,dwestburyha@bing.com,Male,2000-07-26
624,Sheff,Linguard,slinguardhb@netlog.com,Male,2000-11-23
625,Chico,Weben,cwebenhc@fda.gov,Male,2000-11-16
626,Sydney,Kitchinghan,skitchinghanhd@state.tx.us,Male,2000-06-29
627,Elene,Oxenham,eoxenhamhe@infoseek.co.jp,Female,2000-07-28
628,Elbert,Uren,eurenhf@cargocollective.com,Male,2000-12-09
629,Suki,Camplen,scamplenhg@clickbank.net,Female,2000-04-02
630,Zorana,Benard,zbenardhh@state.tx.us,Female,2000-02-03
631,Windham,Jacques,wjacqueshi@pagesperso-orange.fr,Male,2000-08-13
632,Pauline,Brawson,pbrawsonhj@accuweather.com,Female,2000-02-02
633,Amos,Polsin,apolsinhk@vkontakte.ru,Male,2000-09-12
634,Blancha,Robertucci,brobertuccihl@so-net.ne.jp,Female,2000-04-04
635,Shauna,Skyrme,sskyrmehm@drupal.org,Female,2000-09-17
636,Kipp,Worsham,kworshamhn@exblog.jp,Male,2000-03-01
637,Korrie,Sothern,ksothernho@shutterfly.com,Female,2000-12-27
638,Maudie,Starling,mstarlinghp@illinois.edu,Female,2000-07-11
639,West,Gibbieson,wgibbiesonhq@businesswire.com,Male,2000-07-26
640,Ware,Odeson,wodesonhr@prnewswire.com,Male,2000-05-05
641,Gav,Haggett,ghaggetths@cornell.edu,Male,2000-08-31
642,Claus,Hathorn,chathornht@people.com.cn,Male,2000-08-21
643,Bancroft,Offord,boffordhu@umich.edu,Male,2000-03-03
644,Sarge,Witchalls,switchallshv@shutterfly.com,Male,2000-08-19
645,Elmore,Rosenblum,erosenblumhw@stumbleupon.com,Male,2000-09-27
646,Rena,Stuckford,rstuckfordhx@gmpg.org,Female,2000-07-13
647,Ogdon,Filippyev,ofilippyevhy@usa.gov,Male,2000-12-12
648,Lon,Trude,ltrudehz@netscape.com,Male,2000-12-02
649,Melba,Hathwood,mhathwoodi0@tinypic.com,Female,2000-02-05
650,Hill,Butting,hbuttingi1@sogou.com,Male,2000-01-13
651,Jenda,Oslar,joslari2@amazon.de,Female,2000-09-18
652,Carlyle,Quantrill,cquantrilli3@ihg.com,Male,2000-03-24
653,Jacquenetta,Deam,jdeami4@google.nl,Female,2000-12-22
654,Salim,Ternott,sternotti5@yahoo.com,Male,2000-01-23
655,Ilysa,Cody,icodyi6@purevolume.com,Female,2000-04-07
656,Cornell,Slowcock,cslowcocki7@freewebs.com,Male,2000-06-12
657,Hanson,Collelton,hcolleltoni8@webmd.com,Male,2000-04-02
658,Lon,Molyneaux,lmolyneauxi9@abc.net.au,Male,2000-06-22
659,Averil,Bromidge,abromidgeia@hibu.com,Male,2000-05-16
660,Lou,Wheal,lwhealib@economist.com,Female,2000-12-01
661,Ophelia,Matousek,omatousekic@oaic.gov.au,Female,2000-10-20
662,Eustace,Jakobsson,ejakobssonid@smh.com.au,Male,2000-11-11
663,Jo,Medina,jmedinaie@bigcartel.com,Male,2000-12-18
664,Gerry,Throssell,gthrossellif@friendfeed.com,Female,2000-01-29
665,Biddie,Jaffray,bjaffrayig@typepad.com,Female,2000-03-01
666,Virginie,Douche,vdoucheih@cloudflare.com,Female,2000-07-01
667,Jacquette,Addenbrooke,jaddenbrookeii@flavors.me,Female,2000-03-30
668,Shandeigh,Giacaponi,sgiacaponiij@elpais.com,Female,2000-07-20
669,Emanuele,Shannon,eshannonik@whitehouse.gov,Male,2000-01-26
670,Valentina,Banyard,vbanyardil@columbia.edu,Female,2000-04-15
671,Ashlin,Udall,audallim@exblog.jp,Male,2000-04-26
672,Dian,Gargett,dgargettin@com.com,Female,2000-02-02
673,Joice,Skahill,jskahillio@imageshack.us,Female,2000-02-02
674,Lorenza,Guillon,lguillonip@nydailynews.com,Female,2000-11-30
675,Gerome,Byrd,gbyrdiq@reddit.com,Male,2000-08-18
676,Marsh,Ceillier,mceillierir@ed.gov,Male,2000-05-12
677,Dianna,BoHlingolsen,dbohlingolsenis@tmall.com,Female,2000-01-14
678,Aldis,Sayes,asayesit@nifty.com,Male,2000-07-15
679,Florette,Crispe,fcrispeiu@state.gov,Female,2000-01-21
680,Ricoriki,Edscer,redsceriv@storify.com,Male,2000-05-31
681,Madalyn,Peotz,mpeotziw@slideshare.net,Female,2000-07-28
682,Renee,Evason,revasonix@about.com,Female,2000-02-11
683,Jaclyn,Plante,jplanteiy@dropbox.com,Female,2000-05-01
684,Hirsch,Biagi,hbiagiiz@storify.com,Male,2000-09-07
685,Irv,Menpes,imenpesj0@wufoo.com,Male,2000-07-07
686,Noble,Burchett,nburchettj1@skype.com,Male,2000-05-04
687,Jo ann,Paniman,jpanimanj2@discovery.com,Female,2000-08-26
688,Lonnie,Poleykett,lpoleykettj3@imdb.com,Female,2000-02-13
689,Riva,Scrine,rscrinej4@i2i.jp,Female,2000-09-09
690,Ambur,Ace,aacej5@senate.gov,Female,2000-03-10
691,Rog,Le Blanc,rleblancj6@ted.com,Male,2000-10-17
692,Weylin,Tew,wtewj7@sciencedaily.com,Male,2000-06-29
693,Ronica,Neward,rnewardj8@lulu.com,Female,2000-03-12
694,Cassey,Platts,cplattsj9@123-reg.co.uk,Female,2000-01-18
695,Bunny,Lushey,blusheyja@godaddy.com,Female,2000-01-13
696,Abby,Whiffin,awhiffinjb@123-reg.co.uk,Male,2000-03-09
697,Shara,Ivanikhin,sivanikhinjc@vistaprint.com,Female,2000-05-24
698,Padget,Weiser,pweiserjd@usnews.com,Male,2000-12-04
699,Raf,Hardan,rhardanje@ucsd.edu,Female,2000-08-28
700,Adara,Chippindale,achippindalejf@dedecms.com,Female,2000-09-09
701,Sal,Licquorish,slicquorishjg@baidu.com,Male,2000-09-25
702,Teena,Helkin,thelkinjh@yelp.com,Female,2000-10-05
703,Deny,Leupold,dleupoldji@cloudflare.com,Female,2000-12-01
704,Griswold,Cornforth,gcornforthjj@photobucket.com,Male,2000-06-06
705,Adda,Spensly,aspenslyjk@bloomberg.com,Female,2000-10-17
706,Thom,Baughen,tbaughenjl@blogs.com,Male,2000-09-27
707,Sharon,Rubinowicz,srubinowiczjm@scribd.com,Female,2000-11-12
708,Warner,Klulisek,wklulisekjn@nasa.gov,Male,2000-10-19
709,Ellery,Peplaw,epeplawjo@imgur.com,Male,2000-03-20
710,See,Schaffel,sschaffeljp@seattletimes.com,Male,2000-11-12
711,Mitzi,Sekulla,msekullajq@sakura.ne.jp,Female,2000-10-30
712,Miles,Sills,msillsjr@wp.com,Male,2000-01-13
713,Larina,Eglinton,leglintonjs@xinhuanet.com,Female,2000-08-25
714,Nevil,Duran,nduranjt@bing.com,Male,2000-02-08
715,Natalie,Caswall,ncaswallju@usatoday.com,Female,2000-08-23
716,Alvan,Stoyle,astoylejv@desdev.cn,Male,2000-08-25
717,Maryanna,Gergolet,mgergoletjw@stumbleupon.com,Female,2000-07-02
718,Joyan,Ronald,jronaldjx@1688.com,Female,2000-03-21
719,Noak,Harker,nharkerjy@usgs.gov,Male,2000-12-01
720,Garland,Bowerman,gbowermanjz@sitemeter.com,Female,2000-04-12
721,Milly,Tremble,mtremblek0@acquirethisname.com,Female,2000-04-12
722,Veronica,Lendon,vlendonk1@wunderground.com,Female,2000-03-06
723,Reinald,Zecchetti,rzecchettik2@reddit.com,Male,2000-11-24
724,Brennen,Torrie,btorriek3@salon.com,Male,2000-06-29
725,Katerine,Hollingsby,khollingsbyk4@deviantart.com,Female,2000-05-24
726,Demetrius,Kordova,dkordovak5@reverbnation.com,Male,2000-09-12
727,Kippar,Tarquinio,ktarquiniok6@archive.org,Male,2000-10-21
728,Gifford,Iorizzo,giorizzok7@nationalgeographic.com,Male,2000-04-30
729,Gilles,Essam,gessamk8@lycos.com,Male,2000-07-03
730,Ardis,Baglan,abaglank9@cargocollective.com,Female,2000-01-22
731,Malissia,Gorch,mgorchka@ask.com,Female,2000-05-03
732,Tallie,Driffill,tdriffillkb@berkeley.edu,Male,2000-05-30
733,Olly,McGavin,omcgavinkc@usa.gov,Male,2000-09-24
734,Jon,Polland,jpollandkd@buzzfeed.com,Male,2000-08-01
735,Darcee,Croll,dcrollke@mashable.com,Female,2000-09-24
736,Omar,Leindecker,oleindeckerkf@people.com.cn,Male,2000-01-19
737,Nikolaus,Bassill,nbassillkg@live.com,Male,2000-02-18
738,Zuzana,Donkersley,zdonkersleykh@bbb.org,Female,2000-05-04
739,Odo,Norledge,onorledgeki@time.com,Male,2000-10-04
740,Deni,Kinman,dkinmankj@ezinearticles.com,Female,2000-09-07
741,Biron,Lipson,blipsonkk@cisco.com,Male,2000-12-20
742,Arda,Ohlsen,aohlsenkl@hubpages.com,Female,2000-11-29
743,Artemus,Upcott,aupcottkm@abc.net.au,Male,2000-08-24
744,Adolph,Hamlington,ahamlingtonkn@imageshack.us,Male,2000-12-02
745,Nowell,Aylward,naylwardko@pinterest.com,Male,2000-10-18
746,Delilah,Soigoux,dsoigouxkp@guardian.co.uk,Female,2000-12-09
747,Edie,Papaccio,epapacciokq@google.ru,Female,2000-05-10
748,Rosalind,Gippes,rgippeskr@howstuffworks.com,Female,2000-11-25
749,Priscella,Schlagh,pschlaghks@psu.edu,Female,2000-11-12
750,Taryn,Eard,teardkt@hhs.gov,Female,2000-12-07
751,Astrix,Franzettoini,afranzettoiniku@comsenz.com,Female,2000-06-18
752,Nina,Arsnell,narsnellkv@nasa.gov,Female,2000-04-05
753,Byron,Palffrey,bpalffreykw@vkontakte.ru,Male,2000-09-02
754,Karisa,Stag,kstagkx@angelfire.com,Female,2000-07-17
755,Harbert,Colleymore,hcolleymoreky@gov.uk,Male,2000-08-13
756,Ibrahim,Viles,ivileskz@state.tx.us,Male,2000-10-11
757,Aubree,Mansfield,amansfieldl0@newsvine.com,Female,2000-12-09
758,Pedro,Seneschal,pseneschall1@virginia.edu,Male,2000-08-27
759,Alecia,Canceller,acancellerl2@baidu.com,Female,2000-03-17
760,Vale,Jakucewicz,vjakucewiczl3@addtoany.com,Male,2000-12-07
761,Hunt,Jenkins,hjenkinsl4@cbsnews.com,Male,2000-02-27
762,Hasty,Carreck,hcarreckl5@alibaba.com,Male,2000-01-12
763,Rosalia,Turmall,rturmalll6@spiegel.de,Female,2000-11-28
764,Inigo,Drakeford,idrakefordl7@google.com,Male,2000-10-15
765,Thea,Maureen,tmaureenl8@ucla.edu,Female,2000-04-24
766,Dwayne,Hasard,dhasardl9@ustream.tv,Male,2000-08-16
767,Mason,Karolovsky,mkarolovskyla@trellian.com,Male,2000-04-06
768,Petronia,Sapsed,psapsedlb@admin.ch,Female,2000-10-18
769,Theressa,Hews,thewslc@hao123.com,Female,2000-11-09
770,Barr,Durie,bdurield@newsvine.com,Male,2000-08-10
771,Parker,Rosenauer,prosenauerle@businessweek.com,Male,2000-01-23
772,Mordy,Kiebes,mkiebeslf@si.edu,Male,2000-06-03
773,Shay,Goodlatt,sgoodlattlg@linkedin.com,Male,2000-07-13
774,Octavius,Camellini,ocamellinilh@icio.us,Male,2000-10-26
775,Ritchie,Dooler,rdoolerli@google.es,Male,2000-06-24
776,Rici,Fransemai,rfransemailj@privacy.gov.au,Female,2000-09-27
777,Beau,De Vaan,bdevaanlk@xinhuanet.com,Male,2000-08-25
778,Carmine,Liffe,cliffell@boston.com,Female,2000-02-08
779,Faythe,Vaughan-Hughes,fvaughanhugheslm@technorati.com,Female,2000-08-07
780,Edlin,Romanet,eromanetln@mapy.cz,Male,2000-03-05
781,Harmonia,Peachman,hpeachmanlo@meetup.com,Female,2000-03-31
782,Bourke,Clawe,bclawelp@kickstarter.com,Male,2000-07-11
783,Jacenta,Grote,jgrotelq@amazon.de,Female,2000-06-29
784,Caldwell,Moffat,cmoffatlr@hexun.com,Male,2000-08-03
785,Gavin,Pittendreigh,gpittendreighls@hc360.com,Male,2000-03-25
786,Elwin,Orris,eorrislt@joomla.org,Male,2000-12-21
787,Griffie,Dunton,gduntonlu@cargocollective.com,Male,2000-04-10
788,Vassily,Wilmore,vwilmorelv@t.co,Male,2000-12-09
789,Alex,Fearby,afearbylw@apache.org,Male,2000-05-13
790,Aveline,Ferriday,aferridaylx@hao123.com,Female,2000-06-11
791,Beatriz,Withers,bwithersly@boston.com,Female,2000-07-12
792,Elyssa,Skeath,eskeathlz@dailymail.co.uk,Female,2000-11-26
793,Ileane,Asken,iaskenm0@tumblr.com,Female,2000-07-05
794,Bancroft,Burwin,bburwinm1@comcast.net,Male,2000-10-10
795,Leoine,Leat,lleatm2@yellowpages.com,Female,2000-02-12
796,Johannah,Episcopi,jepiscopim3@state.tx.us,Female,2000-09-29
797,Gerhard,Halsted,ghalstedm4@symantec.com,Male,2000-02-11
798,Clarance,Bullman,cbullmanm5@opera.com,Male,2000-10-23
799,Deny,Farnham,dfarnhamm6@netlog.com,Female,2000-05-02
800,Chrissie,Richmond,crichmondm7@nps.gov,Female,2000-09-14
801,Janene,Bagger,jbaggerm8@bizjournals.com,Female,2000-09-06
802,Brynna,Fargher,bfargherm9@umich.edu,Female,2000-01-28
803,Oralle,Brogini,obroginima@theatlantic.com,Female,2000-04-08
804,Lydon,Durnford,ldurnfordmb@weather.com,Male,2000-07-26
805,Petr,Childes,pchildesmc@netscape.com,Male,2000-09-30
806,Micky,Wetherald,mwetheraldmd@bloglovin.com,Male,2000-11-03
807,Joelly,Hartness,jhartnessme@fotki.com,Female,2000-12-15
808,Virge,Mosby,vmosbymf@nature.com,Male,2000-03-22
809,Kalli,Blenkensop,kblenkensopmg@omniture.com,Female,2000-06-14
810,Margery,Thoresbie,mthoresbiemh@chronoengine.com,Female,2000-09-18
811,Murvyn,Boeck,mboeckmi@yandex.ru,Male,2000-11-12
812,Ashley,Wiggett,awiggettmj@reverbnation.com,Male,2000-04-30
813,Aggi,Palffy,apalffymk@ihg.com,Female,2000-11-10
814,Roxine,Imbrey,rimbreyml@cocolog-nifty.com,Female,2000-09-05
815,Elga,Cardew,ecardewmm@mit.edu,Female,2000-02-08
816,Northrup,Ely,nelymn@privacy.gov.au,Male,2000-09-14
817,Gabriellia,Nicholl,gnichollmo@ft.com,Female,2000-02-16
818,Moshe,Franzotto,mfranzottomp@addtoany.com,Male,2000-03-03
819,Teresita,Beedie,tbeediemq@huffingtonpost.com,Female,2000-05-18
820,Richmond,Rantoull,rrantoullmr@ameblo.jp,Male,2000-12-30
821,Consuela,Hannay,channayms@ox.ac.uk,Female,2000-07-26
822,Issi,Vermer,ivermermt@nydailynews.com,Female,2000-08-03
823,Mychal,Sylvester,msylvestermu@free.fr,Male,2000-10-18
824,Bob,Robjohns,brobjohnsmv@cisco.com,Male,2000-02-16
825,Tod,Verbrugghen,tverbrugghenmw@slideshare.net,Male,2000-05-04
826,Keelia,Scourge,kscourgemx@gmpg.org,Female,2000-11-03
827,Zeke,Copner,zcopnermy@last.fm,Male,2000-05-27
828,Sofia,Blevin,sblevinmz@boston.com,Female,2000-11-01
829,Ninon,Yeowell,nyeowelln0@usnews.com,Female,2000-04-26
830,Nedda,Sheather,nsheathern1@wordpress.org,Female,2000-06-27
831,Georgina,Climpson,gclimpsonn2@omniture.com,Female,2000-07-24
832,Asher,Fayter,afaytern3@pinterest.com,Male,2000-12-15
833,Yuma,Musso,ymusson4@youku.com,Male,2000-08-14
834,Luce,Stranieri,lstranierin5@zdnet.com,Female,2000-08-06
835,Gwendolyn,Svanetti,gsvanettin6@nationalgeographic.com,Female,2000-02-23
836,Oralla,Bugby,obugbyn7@home.pl,Female,2000-11-04
837,Chelsy,Weaben,cweabenn8@marriott.com,Female,2000-06-30
838,Maxy,Cowdry,mcowdryn9@squarespace.com,Female,2000-02-02
839,Sharron,Folliss,sfollissna@bloglovin.com,Female,2000-11-11
840,Bamby,Signoret,bsignoretnb@unblog.fr,Female,2000-02-20
841,Chet,Dounbare,cdounbarenc@4shared.com,Male,2000-10-24
842,Daffi,Neilands,dneilandsnd@lycos.com,Female,2000-03-13
843,Mair,Klamman,mklammanne@sbwire.com,Female,2000-09-13
844,Camille,Balentyne,cbalentynenf@chicagotribune.com,Female,2000-09-20
845,Shaughn,Kivits,skivitsng@ucla.edu,Male,2000-03-19
846,Siouxie,Dearth,sdearthnh@hatena.ne.jp,Female,2000-01-20
847,Erastus,Blamire,eblamireni@tripod.com,Male,2000-12-20
848,Alta,Orrocks,aorrocksnj@shareasale.com,Female,2000-04-26
849,Mannie,Cleveley,mcleveleynk@blogs.com,Male,2000-09-13
850,Sylvan,McLae,smclaenl@google.com.br,Male,2000-11-28
851,Alvira,Lakeman,alakemannm@moonfruit.com,Female,2000-12-11
852,Amberly,Becket,abecketnn@reference.com,Female,2000-03-03
853,Giralda,Tetley,gtetleyno@ezinearticles.com,Female,2000-08-27
854,Hayyim,MacVay,hmacvaynp@elegantthemes.com,Male,2000-03-23
855,Marcello,Oganian,moganiannq@canalblog.com,Male,2000-08-03
856,Hannah,D'Cruze,hdcruzenr@4shared.com,Female,2000-06-27
857,Robers,Krier,rkrierns@jigsy.com,Male,2000-09-25
858,Tabbatha,Borer,tborernt@a8.net,Female,2000-11-19
859,Rodolfo,Gowdie,rgowdienu@free.fr,Male,2000-07-25
860,Caldwell,Freeth,cfreethnv@pinterest.com,Male,2000-05-29
861,Fannie,Schruur,fschruurnw@theguardian.com,Female,2000-04-22
862,Neille,Julian,njuliannx@bravesites.com,Female,2000-06-30
863,Harriot,Oppery,hopperyny@1und1.de,Female,2000-07-30
864,Fonzie,Giacoboni,fgiacoboninz@alexa.com,Male,2000-05-16
865,Maryjane,Flement,mflemento0@sciencedirect.com,Female,2000-07-02
866,Zaneta,Balcock,zbalcocko1@dot.gov,Female,2000-04-05
867,Hubey,Roofe,hroofeo2@sourceforge.net,Male,2000-12-02
868,Klarika,Frostdyke,kfrostdykeo3@ifeng.com,Female,2000-06-10
869,Julianna,Greenhall,jgreenhallo4@weather.com,Female,2000-09-15
870,Daisie,Asel,daselo5@desdev.cn,Female,2000-11-12
871,Vachel,Glover,vglovero6@cdbaby.com,Male,2000-02-03
872,Sharl,Cavill,scavillo7@technorati.com,Female,2000-10-18
873,Glenn,O'Shee,gosheeo8@photobucket.com,Female,2000-10-29
874,Torrence,Warters,twarterso9@washington.edu,Male,2000-04-27
875,Homerus,Peasgood,hpeasgoodoa@dmoz.org,Male,2000-10-23
876,Karole,Schumacher,kschumacherob@guardian.co.uk,Female,2000-11-29
877,Estell,Delgadillo,edelgadillooc@deliciousdays.com,Female,2000-02-25
878,Karmen,Winterscale,kwinterscaleod@nasa.gov,Female,2000-08-01
879,Tally,Brient,tbrientoe@shinystat.com,Male,2000-08-12
880,Hogan,Lumby,hlumbyof@latimes.com,Male,2000-08-20
881,Gustav,Carss,gcarssog@cdbaby.com,Male,2000-06-22
882,Nissie,Ellams,nellamsoh@pcworld.com,Female,2000-11-10
883,Baron,Canty,bcantyoi@ehow.com,Male,2000-05-12
884,Vyky,Ashbridge,vashbridgeoj@hubpages.com,Female,2000-05-11
885,Miltie,Veivers,mveiversok@godaddy.com,Male,2000-10-18
886,Jeffry,Paddie,jpaddieol@moonfruit.com,Male,2000-04-27
887,Lotti,Greader,lgreaderom@hc360.com,Female,2000-06-02
888,Erica,Shepherd,eshepherdon@senate.gov,Female,2000-03-28
889,Giuditta,Gershom,ggershomoo@nsw.gov.au,Female,2000-10-10
890,Lars,Beernt,lbeerntop@bloomberg.com,Male,2000-10-05
891,Eldridge,Bontein,ebonteinoq@jugem.jp,Male,2000-04-25
892,Johnath,Debill,jdebillor@berkeley.edu,Female,2000-03-07
893,Gerda,Turbat,gturbatos@illinois.edu,Female,2000-03-18
894,Irvin,Forkan,iforkanot@smugmug.com,Male,2000-10-11
895,Lori,Borkin,lborkinou@homestead.com,Female,2000-02-04
896,Moore,Dockery,mdockeryov@aboutads.info,Male,2000-10-23
897,Glynis,Kassel,gkasselow@phpbb.com,Female,2000-06-23
898,Lucais,Siemianowicz,lsiemianowiczox@slate.com,Male,2000-12-01
899,Jimmie,Nutbrown,jnutbrownoy@bloglines.com,Male,2000-06-10
900,Rolando,Oslar,roslaroz@vimeo.com,Male,2000-08-24
901,Arly,Schoenfisch,aschoenfischp0@examiner.com,Female,2000-05-10
902,Zoe,Cordes,zcordesp1@macromedia.com,Female,2000-10-17
903,Gib,Kelsall,gkelsallp2@vimeo.com,Male,2000-05-25
904,Amie,Vaz,avazp3@answers.com,Female,2000-03-07
905,Berty,Meriott,bmeriottp4@narod.ru,Female,2000-05-24
906,Carmita,Eykel,ceykelp5@java.com,Female,2000-02-22
907,Templeton,Oury,touryp6@mac.com,Male,2000-03-07
908,Travers,Fritzer,tfritzerp7@theatlantic.com,Male,2000-09-11
909,Jodie,Andreacci,jandreaccip8@mysql.com,Male,2000-01-21
910,Niall,Curteis,ncurteisp9@plala.or.jp,Male,2000-02-14
911,Jeff,De la croix,jdelacroixpa@squidoo.com,Male,2000-12-22
912,Tony,Soden,tsodenpb@chicagotribune.com,Male,2000-07-27
913,Emmaline,Petronis,epetronispc@marriott.com,Female,2000-11-25
914,Gerard,Buckland,gbucklandpd@nifty.com,Male,2000-05-11
915,Aurea,Kahler,akahlerpe@cnet.com,Female,2000-06-10
916,Alana,Ettles,aettlespf@constantcontact.com,Female,2000-05-05
917,Carole,Voyce,cvoycepg@shop-pro.jp,Female,2000-03-05
918,Pattin,Boumphrey,pboumphreyph@simplemachines.org,Male,2000-04-18
919,Alvis,Meriton,ameritonpi@wikia.com,Male,2000-06-01
920,Willow,Roskams,wroskamspj@usatoday.com,Female,2000-03-04
921,Alister,Poutress,apoutresspk@usnews.com,Male,2000-02-03
922,Hurlee,Heningham,hheninghampl@europa.eu,Male,2000-05-22
923,Jobey,Large,jlargepm@amazon.co.uk,Female,2000-12-13
924,Vittorio,Queen,vqueenpn@economist.com,Male,2000-05-07
925,Herold,Simonich,hsimonichpo@alibaba.com,Male,2000-07-15
926,Skylar,Milthorpe,smilthorpepp@dedecms.com,Male,2000-07-01
927,Zabrina,Checchetelli,zchecchetellipq@house.gov,Female,2000-06-02
928,Hieronymus,Aronowitz,haronowitzpr@economist.com,Male,2000-02-25
929,Jeannette,Rosewell,jrosewellps@prlog.org,Female,2000-03-08
930,Laird,Rassmann,lrassmannpt@google.com.au,Male,2000-04-23
931,Elladine,Borton,ebortonpu@intel.com,Female,2000-11-07
932,Kelcey,Wannop,kwannoppv@seesaa.net,Female,2000-07-17
933,Gris,Springthorpe,gspringthorpepw@redcross.org,Male,2000-12-28
934,Ring,Imason,rimasonpx@canalblog.com,Male,2000-08-09
935,Dalia,Ellsworthe,dellsworthepy@webmd.com,Female,2000-08-06
936,Milli,Habert,mhabertpz@blinklist.com,Female,2000-06-01
937,Breena,Lacknor,blacknorq0@wunderground.com,Female,2000-02-25
938,Malanie,Refford,mreffordq1@psu.edu,Female,2000-08-22
939,Lelia,Pennacci,lpennacciq2@google.it,Female,2000-06-07
940,Novelia,Strotton,nstrottonq3@1und1.de,Female,2000-11-03
941,Kennett,Pleager,kpleagerq4@naver.com,Male,2000-10-13
942,Deva,Bradbrook,dbradbrookq5@amazon.co.jp,Female,2000-09-14
943,Lillian,Garrett,lgarrettq6@pen.io,Female,2000-11-28
944,Valeda,Tunney,vtunneyq7@reddit.com,Female,2000-06-24
945,Gwendolyn,Rentilll,grentilllq8@bbb.org,Female,2000-05-20
946,Barry,Swede,bswedeq9@oracle.com,Male,2000-06-25
947,Cort,Nuzzetti,cnuzzettiqa@g.co,Male,2000-07-01
948,Torie,Baddam,tbaddamqb@vistaprint.com,Female,2000-11-25
949,Ainslee,Yanshinov,ayanshinovqc@ovh.net,Female,2000-09-19
950,Kory,Rewcassell,krewcassellqd@timesonline.co.uk,Male,2000-09-04
951,Shell,Growcott,sgrowcottqe@instagram.com,Female,2000-09-23
952,Chickie,Boullin,cboullinqf@discovery.com,Male,2000-07-09
953,Lyssa,Gaitskill,lgaitskillqg@upenn.edu,Female,2000-08-13
954,Emelyne,Iacobini,eiacobiniqh@canalblog.com,Female,2000-12-30
955,Garland,Secombe,gsecombeqi@jalbum.net,Female,2000-12-22
956,Margit,Horlock,mhorlockqj@samsung.com,Female,2000-03-08
957,Yehudit,Combe,ycombeqk@ezinearticles.com,Male,2000-05-05
958,Randie,Nuttall,rnuttallql@prnewswire.com,Male,2000-10-11
959,Bethina,Braywood,bbraywoodqm@usda.gov,Female,2000-07-01
960,Ashton,Van Dale,avandaleqn@themeforest.net,Male,2000-05-05
961,Humfrey,Fagg,hfaggqo@artisteer.com,Male,2000-12-23
962,Rouvin,Baker,rbakerqp@imgur.com,Male,2000-07-02
963,Pincas,Callis,pcallisqq@twitpic.com,Male,2000-10-23
964,Randene,Airth,rairthqr@icio.us,Female,2000-08-01
965,Monah,Spadeck,mspadeckqs@aol.com,Female,2000-06-27
966,Dorelle,Hugueville,dhuguevilleqt@macromedia.com,Female,2000-10-22
967,Ogdon,Marley,omarleyqu@rediff.com,Male,2000-05-05
968,Lindy,Waddilow,lwaddilowqv@constantcontact.com,Male,2000-04-19
969,Niel,Caras,ncarasqw@seesaa.net,Male,2000-11-11
970,Vivianna,Ygoe,vygoeqx@ted.com,Female,2000-06-06
971,Dotty,Wallenger,dwallengerqy@usgs.gov,Female,2000-04-28
972,Brina,Enrich,benrichqz@nba.com,Female,2000-08-20
973,Hallie,Frowing,hfrowingr0@joomla.org,Female,2000-11-02
974,Christean,Spenceley,cspenceleyr1@comcast.net,Female,2000-06-10
975,Siouxie,Pippin,spippinr2@trellian.com,Female,2000-03-19
976,Domenic,Wrankling,dwranklingr3@newsvine.com,Male,2000-12-01
977,Margy,Palser,mpalserr4@csmonitor.com,Female,2000-09-25
978,Arlette,Durnell,adurnellr5@last.fm,Female,2000-10-02
979,Maynard,Eatherton,meathertonr6@eventbrite.com,Male,2000-06-27
980,Larina,Braun,lbraunr7@mozilla.com,Female,2000-07-18
981,Rosalinda,Mallison,rmallisonr8@reference.com,Female,2000-11-02
982,Hans,Barwack,hbarwackr9@google.de,Male,2000-03-06
983,Leona,Cole,lcolera@spiegel.de,Female,2000-09-16
984,Barbabra,Reedy,breedyrb@mtv.com,Female,2000-05-28
985,Cesar,Rushbrooke,crushbrookerc@amazon.co.uk,Male,2000-04-25
986,Winthrop,Seacombe,wseacomberd@washingtonpost.com,Male,2000-08-02
987,Cristin,Breissan,cbreissanre@state.gov,Female,2000-10-23
988,Kinny,Trayford,ktrayfordrf@oaic.gov.au,Male,2000-03-17
989,Leticia,Wickliffe,lwicklifferg@skype.com,Female,2000-08-30
990,Joya,Del Monte,jdelmonterh@ask.com,Female,2000-02-08
991,Jodi,Riccelli,jriccelliri@google.pl,Female,2000-03-10
992,Matthieu,Alwen,malwenrj@nationalgeographic.com,Male,2000-10-25
993,Anestassia,Marrows,amarrowsrk@studiopress.com,Female,2000-11-24
994,Lorain,Beavers,lbeaversrl@blogger.com,Female,2000-09-05
995,Francesco,Hasnney,fhasnneyrm@cpanel.net,Male,2000-07-01
996,Jo-anne,Bee,jbeern@nytimes.com,Female,2000-10-19
997,Vic,Carlo,vcarloro@hao123.com,Male,2000-05-20
998,Kele,Aldred,kaldredrp@bluehost.com,Male,2000-05-29
999,Karim,Roach,kroachrq@bbb.org,Male,2000-08-16
1000,Jeannette,Paszek,jpaszekrr@diigo.com,Female,2000-11-11
